ID,Family,Species
1,Agaricus,A. abruptibulbus
2,Agaricus,A. amicosus
3,Agaricus,A. andrewii
4,Agaricus,A. argenteus
5,Agaricus,A. augustus
6,Agaricus,A. auricolor
7,Agaricus,A. bellanniae
8,Agaricus,A. bernardi
9,Agaricus,A. bisporus
10,Agaricus,A. bitorquis
11,Agaricus,A. brunneofibrillosus
12,Agaricus,A. buckmacadooi
13,Agaricus,A. californicus
14,Agaricus,A. campestris
15,Agaricus,A. chionodermus
16,Agaricus,A. crocodilinus
17,Agaricus,A. deardorffensis
18,Agaricus,A. fissuratus
19,Agaricus,A. floridanus
20,Agaricus,"A. ""haemorrhoidarius"""
21,Agaricus,A. julius
22,Agaricus,A. kriegeri
23,Agaricus,A. leptocaulis
24,Agaricus,A. malangelus
25,Agaricus,A. moronii
26,Agaricus,A. nanaugustus
27,Agaricus,A. pattersoniae
28,Agaricus,A. placomyces
29,Agaricus,A. pocillator
30,Agaricus,A. porphyrocephalus
31,Agaricus,A. porphyrocephalus var. pallidus
32,Agaricus,A. reducibulbus
33,Agaricus,A. xanthodermus
34,Agrocybe,A. acericola
35,Agrocybe,A. biological species II
36,Agrocybe,A. dura
37,Agrocybe,A. firma
38,Agrocybe,A. paludosa
39,Agrocybe,A. pediades
40,Agrocybe,A. praecox
41,Agrocybe,A. retigera
42,Akanthomyces,A. aculeatus
43,Albatrellus,A. caeruleoporus
44,Albatrellus,A. confluens
45,Albatrellus,A. cristatus
46,Albatrellus,A. ovinus
47,Albatrellus,A. pes-caprae
48,Aleuria,A. aurantia
49,Aleuria,A. cestrica
50,Aleurodiscus,A. oakesii
51,Alloclavaria,A. purpurea
52,Allodus,A. podophylli
53,Amanita,A. abrupta
54,Amanita,A. aprica
55,Amanita,A. arkansana
56,Amanita,A. augusta
57,Amanita,A. bisporigera
58,Amanita,A. brunnescens
59,Amanita,A. calyptroderma
60,Amanita,A. ceciliae
61,Amanita,A. chlorinosma
62,Amanita,A. citrina f. lavendula
63,Amanita,A. cokeri
64,Amanita,A. crocea
65,Amanita,A. daucipes
66,Amanita,A. farinosa
67,Amanita,A. flavoconia
68,Amanita,A. flavorubescens
69,Amanita,A. fulva
70,Amanita,A. gemmata
71,Amanita,A. jacksonii
72,Amanita,A. magnivelaris
73,Amanita,A. magniverrucata
74,Amanita,A. multisquamosa
75,Amanita,A. muscaria var. alba
76,Amanita,A. muscaria var. flavivolvata
77,Amanita,A. muscaria var. guessowii
78,Amanita,A. muscaria var. muscaria
79,Amanita,A. muscaria var. persicina
80,Amanita,A. novinupta
81,Amanita,A. mutabilis
82,Amanita,A. onusta
83,Amanita,A. pachycolea
84,Amanita,A. pantherina
85,Amanita,A. parcivolvata
86,Amanita,A. pelioma
87,Amanita,A. phalloides
88,Amanita,A. polypyramis
89,Amanita,A. populiphila
90,Amanita,A. porphyria
91,Amanita,A. prairiicola
92,Amanita,A. rhopalopus
93,Amanita,A. rubescens
94,Amanita,A. rubescens var. alba
95,Amanita,A. russuloides
96,Amanita,A. salmonescens
97,Amanita,A. sinicoflava
98,Amanita,A. smithiana
99,Amanita,"A. sp. ""Sand Dune Amanita"""
100,Amanita,"A. sp. ""Little Brown Amanita"""
101,Amanita,"A. sp. ""Mountain Panther"""
102,Amanita,"A. sp. ""Yellow Caesar"""
103,Amanita,"A. sp. ""Barrows's Amanita"""
104,Amanita,"A. sp. ""Spotted Salamander"""
105,Amanita,A. spreta
106,Amanita,A. submaculata
107,Amanita,A. thiersii
108,Amanita,A. vaginata
109,Amanita,A. velatipes
110,Amanita,A. virosiformis
111,Amanita,A. volvata
112,Amanita,A. wellsii
113,Amanita,A. westii
114,Ampulloclitocybe,A. avellaneialba
115,Ampulloclitocybe,A. clavipes
116,Antrodia,A. juniperina
117,Apiosporina,A. morbosa
118,Arachnion,A. album
119,Arcangeliella,A. desjardinii
120,Armillaria,A. gallica
121,Armillaria,A. mellea
122,Armillaria,A. solidipes
123,Armillaria,A. tabescens
124,Artomyces,A. pyxidatus
125,Ascocoryne,A. cylichnium
126,Ascocoryne,A. sarcoides
127,Aseroë,A. rubra
128,Asterophora,A. lycoperdoides
129,Astraeus,A. hygrometricus
130,Aureoboletus,A. auriporus
131,Aureoboletus,A. betula
132,Aureoboletus,A. mirabilis
133,Aureoboletus,A. projectellus
134,Aureoboletus,A. russellii
135,Aureoboletus,A. viridiflavus
136,Auricularia,A. americana
137,Auriscalpium,A. vulgare
138,Austroboletus,A. gracilis
139,Austroboletus,A. subflavidus
140,Austroboletus,A. betula
141,Baeospora,B. myosura
142,Battarrea,B. phalloides
143,Battarrea,B. stevenii
144,Biscogniauxia,B. atropunctata
145,Bisporella,B. citrina
146,Bjerkandera,B. adusta
147,Blumenavia,B. angolensis
148,Blumenavia,B. rhacodes
149,Bolbitius,B. reticulatus
150,Bolbitius,B. titubans
151,Boletellus,B. ananas
152,Boletellus,B. chrysenteroides
153,Boletellus,B. pseudochrysenteroides
154,Boletinellus,B. merulioides
155,Boletopsis,B. leucomelaena
156,Boletus,B. albisulphureus
157,Boletus,B. atkinsonii
158,Boletus,B. auripes
159,Boletus,B. barrowsii
160,Boletus,B. bicolor
161,Boletus,B. campestris
162,Boletus,B. carminipes
163,Boletus,B. cokeri
164,Boletus,B. curtisii
165,Boletus,B. edulis
166,Boletus,B. cf. edulis
167,Boletus,B. edulis var. grandedulis
168,Boletus,B. frustosus
169,Boletus,B. harrisonii
170,Boletus,B. innixus
171,Boletus,B. luridus
172,Boletus,B. nobilis
173,Boletus,B. oliveisporus
174,Boletus,B. pallidoroseus
175,Boletus,B. pseudosensibilis
176,Boletus,B. pseudosulphureus
177,Boletus,B. pulverulentus
178,Boletus,B. cf. reticulatus
179,Boletus,B. rubriceps
180,Boletus,B. rubroflammeus
181,Boletus,B. sensibilis
182,Boletus,B. separans
183,Boletus,B. spadiceus var. gracilis
184,Boletus,B. speciosus
185,Boletus,B. subalpinus
186,Boletus,B. subfraternus
187,Boletus,B. subluridellus
188,Boletus,B. subvelutipes
189,Boletus,B. variipes
190,Boletus,B. vermiculosoides
191,Boletus,B. zelleri
192,Bondarzewia,B. berkeleyi
193,Bothia,B. castanella
194,Bovista,B. longispora
195,Buchwaldobletus,B. hemichrysus
196,Buglossoporus,B. quercinus
197,Bulgaria,B. inquinans
198,Butyriboletus,B. brunneus
199,Butyriboletus,B. floridanus
200,Butyriboletus,B. frostii
201,Callistosporium,C. luteo-olivaceum
202,Callistosporium,C. purpureomarginatum
203,Caloboletus,C. inedulis
204,Calocera,C. cornea
205,Calocera,C. viscosa
206,Calocybe,C. carnea
207,Calocybe,C. fallax
208,Calocybe,C. ionides
209,Calocybe,C. onychina
210,Caloscypha,C. fulgens
211,Calostoma,C. cinnabarinum
212,Calostoma,C. lutescens
213,Calostoma,C. microsporum
214,Calostoma,C. ravenelii
215,Calvatia,C. booniana
216,Calvatia,C. craniiformis
217,Calvatia,C. cyathiformis
218,Calvatia,C. fragilis
219,Calvatia,C. gigantea
220,Calvatia,C. rugosa
221,Camarops,C. petersii
222,Cantharellus,C. appalachiensis
223,Cantharellus,C. californicus
224,Cantharellus,C. cibarius
225,Cantharellus,C. cinnabarinus
226,Cantharellus,C. coccolobae
227,Cantharellus,C. confluens
228,Cantharellus,C. formosus
229,Cantharellus,C. lateritius
230,Cantharellus,C. minor
231,Cantharellus,C. persicinus
232,Cantharellus,C. roseocanus
233,Cantharellus,C. sphaerosporus
234,Cantharellus,C. subalbidus
235,Catathelasma,C. imperiale
236,Catathelasma,C. ventricosum
237,Caulorhiza,C. umbonata
238,Ceratiomyxa,C. fruticulosa
239,Cercopemyces,C. crocodilinus
240,Cerrena,C. unicolor
241,Chalciporus,C. piperatoides
242,Chalciporus,C. piperatus
243,Cheilymenia,C. stercorea
244,Chlorencoelia,C. torta
245,Chlorociboria,C. aeruginascens
246,Chlorophyllum,C. brunneum
247,Chlorophyllum,C. molybdites
248,Chlorophyllum,C. rhacodes
249,Chlorosplenium,C. chlora
250,Chorioactis,C. geaster
251,Chroogomphus,C. ochraceus
252,Chroogomphus,C. pseudovinicolor
253,Chroogomphus,C. subfulmineus
254,Chroogomphus,C. vinicolor
255,Chrysomphalina,C. chrysophylla
256,Clathrus,C. archeri
257,Clathrus,C. baumii
258,Clathrus,C. columnatus
259,Clathrus,C. crispus
260,Clathrus,C. ruber
261,Clathrus,C. transvaalensis
262,Clavaria,C. fumosa
263,Clavaria,C. fuscata
264,Clavaria,C. vermicularis
265,Clavaria,C. zollingeri
266,Clavariadelphus,C. americanus
267,Clavariadelphus,C. lignicola
268,Clavariadelphus,C. occidentalis
269,Clavariadelphus,C. unicolor
270,Clavulina,C. amethystinoides
271,Clavulina,C. cinerea
272,Clavulina,C. cristata
273,Clavulina,C. rugosa
274,Clavulinopsis,C. aurantiocinnabarina
275,Clavulinopsis,C. corniculata
276,Clavulinopsis,C. fusiformis
277,Clavulinopsis,C. laeticolor
278,Climacodon,C. pulcherrimus
279,Climacodon,C. septentrionalis
280,Clitocybe,C. acerba
281,Clitocybe,C. californiensis
282,Clitocybe,C. densifolia
283,Clitocybe,C. eccentrica
284,Clitocybe,C. flaccida
285,Clitocybe,C. glaucocana
286,Clitocybe,C. hygrophoroides
287,Clitocybe,C. nebularis
288,Clitocybe,C. nuda
289,Clitocybe,C. odora
290,Clitocybe,C. robusta
291,Clitocybe,C. sclerotoidea
292,Clitocybe,C. subcanescens
293,Clitocybe,C. subconnexa
294,Clitocybula,C. abundans
295,Clitocybula,C. lacerata
296,Clitopilus,C. hobsonii
297,Clitopilus,C. popinalis
298,Clitopilus,C. prunulus
299,Collybia,C. cirrhata
300,Collybia,C. cookei
301,Collybia,C. tuberosa
302,Colpoma,C. quercinum
303,Coltricia,C. cinnamomea
304,Coltricia,C. montagnei
305,Colus,C. hirudinosus
306,Colus,C. pusillus
307,Connopus,C. acervatus
308,Conocybe,C. apala
309,Conocybe,C. deliquescens
310,Conocybe,C. semiglobata
311,Conocybe,C. siennophylla
312,Conocybe,C. tuxtlaensis
313,Conocybe,C. velutipes
314,Coprinellus,C. disseminatus
315,Coprinellus,C. domesticus
316,Coprinellus,C. hiascens
317,Coprinellus,C. micaceus
318,Coprinopsis,C. atramentaria
319,Coprinopsis,C. lagopus
320,Coprinopsis,C. romagnesiana
321,Coprinopsis,C. variegata
322,Coprinus,C. calyptratus
323,Coprinus,C. comatus
324,Cordyceps,C. militaris
325,Cordyceps,C. ophioglossoides
326,Coriolopsis,C. gallica
327,Cortinarius,C. alboviolaceus
328,Cortinarius,C. anomalus
329,Cortinarius,C. armillatus
330,Cortinarius,C. azureus
331,Cortinarius,C. bolaris
332,Cortinarius,C. caesiocanescens
333,Cortinarius,C. caperatus
334,Cortinarius,C. collinitus
335,Cortinarius,C. corrugatus
336,Cortinarius,C. croceus
337,Cortinarius,C. distans
338,Cortinarius,C. elegantio-montanus
339,Cortinarius,C. glaucopus
340,Cortinarius,C. hesleri
341,Cortinarius,C. infractus
342,Cortinarius,C. iodeoides
343,Cortinarius,C. iodes
344,Cortinarius,C. malicorius
345,Cortinarius,C. marylandensis
346,Cortinarius,C. mucosus
347,Cortinarius,C. multiformis
348,Cortinarius,C. olearioides
349,Cortinarius,C. ophiopus
350,Cortinarius,C. pinguis
351,Cortinarius,C. privignoides
352,Cortinarius,C. rubripes
353,Cortinarius,C. sanguineus
354,Cortinarius,C. semisanguineus
355,Cortinarius,C. smithii
356,Cortinarius,C. species 01
357,Cortinarius,C. species 02
358,Cortinarius,C. subpulchrifolius
359,Cortinarius,C. torvus
360,Cortinarius,C. trivialis
361,Cortinarius,C. vanduzerensis
362,Cortinarius,C. vibratilis
363,Cortinarius,C. violaceus
364,Craterellus,C. calyculus
365,Craterellus,C. cinereus
366,Craterellus,C. cornucopioides
367,Craterellus,C. fallax
368,Craterellus,C. foetidus
369,Craterellus,C. ignicolor
370,Craterellus,C. lutescens
371,Craterellus,C. odoratus
372,Craterellus,C. species 01
373,Craterellus,C. species 02
374,Craterellus,C. tubaeformis
375,Crepidotus,C. applanatus
376,Crepidotus,C. calolepis
377,Crepidotus,C. cinnabarinus
378,Crepidotus,C. croceotinctus
379,Crepidotus,C. crocophyllus
380,Crepidotus,C. malachius
381,Crepidotus,C. mollis
382,Crepidotus,C. stipitatus
383,Crepidotus,C. vulgaris
384,Crinipellis,C. setipes
385,Crinipellis,C. zonata
386,Crucibulum,C. laeve
387,Cryptoporus,C. volvatus
388,Cudonia,C. circinans
389,Cuphophyllus,C. pratensis
390,Cuphophyllus,C. virgineus
391,Cyathus,C. julietae
392,Cyathus,C. olla
393,Cyathus,C. stercoreus
394,Cyathus,C. striatus
395,Cyclocybe,C. erebia
396,Cyptotrama,C. asprata
397,Cystoderma,C. amianthinum
398,Cystoderma,C. cinnabarinum
399,Cystoderma,C. granulosum
400,Cystolepiota,C. seminuda
401,Dacrymyces,D. capitatus
402,Dacrymyces,D. minor
403,Dacrymyces,D. stillatus
404,Dacryopinax,D. elegans
405,Daedalea,D. quercina
406,Daedaleopsis,D. confragosa
407,Daldinia,D. childiae
408,Deconica,D. argentina
409,Dermoloma,D. cuneifolium
410,Discina,D. leucoxantha
411,Discina,D. perlata
412,Disciotis,D. venosa
413,Ductifera,D. pululahuana
414,Entoloma,E. abortivum
415,Entoloma,E. alboumbonatum
416,Entoloma,E. bloxamii
417,Entoloma,E. caccabus
418,Entoloma,E. conicum
419,Entoloma,E. ferruginans
420,Entoloma,E. griseum
421,Entoloma,E. incanum
422,Entoloma,E. lividoalbum
423,Entoloma,E. luteum
424,Entoloma,E. mougeotii
425,Entoloma,E. murrayi
426,Entoloma,E. quadratum
427,Entoloma,E. rhodopolium
428,Entoloma,E. serrulatum
429,Entoloma,E. species 01
430,Entoloma,E. strictius
431,Entoloma,E. subserrulatum
432,Entoloma,E. tjallingiorum
433,Entoloma,E. vernum
434,Entoloma,E. versatile
435,Entoloma,E. violaceum
436,Exidia,E. glandulosa
437,Exidia,E. recisa
438,Favolus,F. brasiliensis
439,Femsjonia,F. peziziformis
440,Fistulina,F. hepatica
441,Flammulaster,F. erinaceella
442,Flammulina,F. populicola
443,Flammulina,F. velutipes
444,Floccularia,F. albolanaripes
445,Floccularia,F. fusca
446,Floccularia,F. luteovirens
447,Floccularia,F. pitkinensis
448,Fomes,F. fomentarius
449,Fomitopsis,F. betulina
450,Fomitopsis,F. mounceae
451,Fomitopsis,F. pinicola
452,Fomitopsis,F. spraguei
453,Fuligo,F. septica
454,Fuscopostia,F. fragilis
455,Galerina,G. badipes
456,Galerina,G. marginata
457,Galerina,G. sphagnorum
458,Galerina,G. vittiformis
459,Galiella,G. rufa
460,Ganoderma,G. applanatum
461,Ganoderma,G. curtisii
462,Ganoderma,G. curtisii meredithiae
463,Ganoderma,G. lobatum
464,Ganoderma,G. oregonense
465,Ganoderma,G. sessile
466,Ganoderma,G. tsugae
467,Geastrum,G. elegans
468,Geastrum,G. morganii
469,Geastrum,G. rufescens
470,Geastrum,G. saccatum
471,Geastrum,G. triplex
472,Gelatinopsis,G. geoglossi
473,Geoglossum,G. difforme
474,Geoglossum,G. simile
475,Geoglossum,G. umbratile
476,Geopora,G. cooperi
477,Geopyxis,G. carbonaria
478,Gerronema,G. strombodes
479,Gliophorus,G. irrigatus
480,Gliophorus,G. laetus
481,Gliophorus,G. psittacinus
482,Gliophorus,G. species 01
483,Globifomes,G. graveolens
484,Gloeophyllum,G. sepiarium
485,Gloeoporus,G. dichrous
486,Gomphidius,G. glutinosus
487,Gomphidius,G. oregonensis
488,Gomphidius,G. smithii
489,Gomphidius,G. subroseus
490,Gomphus,G. clavatus
491,Grifola,G. frondosa
492,Guepinia,G. helvelloides
493,Guepiniopsis,G. alpina
494,Guepiniopsis,G. buccina
495,Gymnopilus,G. fulvosquamulosus
496,Gymnopilus,G. junonius
497,Gymnopilus,G. liquiritiae
498,Gymnopilus,G. luteofolius
499,Gymnopilus,G. luteus
500,Gymnopilus,G. palmicola
501,Gymnopilus,G. sapineus
502,Gymnopus,G. alkalivirens
503,Gymnopus,G. androsaceus
504,Gymnopus,G. confluens
505,Gymnopus,G. dichrous
506,Gymnopus,G. dryophilus
507,Gymnopus,G. earleae
508,Gymnopus,G. iocephalus
509,Gymnopus,G. luxurians
510,Gymnopus,G. semihirtipes
511,Gymnopus,G. spongiosus
512,Gymnopus,G. subnudus
513,Gymnopus,G. subsulphureus
514,Gymnosporangium,G. juniperi-virginianae
515,Gyromitra,G. brunnea
516,Gyromitra,G. californica
517,Gyromitra,G. caroliniana
518,Gyromitra,G. esculenta
519,Gyromitra,G. infula
520,Gyromitra,G. korfii
521,Gyromitra,G. leucoxantha
522,Gyromitra,G. montana
523,Gyromitra,G. perlata
524,Gyromitra,G. sphaerospora
525,Gyroporus,G. castaneus
526,Gyroporus,G. cyanescens
527,Gyroporus,G. purpurinus
528,Hapalopilus,H. croceus
529,Hapalopilus,H. nidulans
530,Harrya,H. chromapes
531,Hebeloma,H. albidulum
532,Hebeloma,H. crustuliniforme
533,Hebeloma,H. hiemale
534,Hebeloma,H. insigne
535,Hebeloma,H. mesophaeum
536,Hebeloma,H. sinapizans
537,Heliocybe,H. sulcata
538,Helvella,H. acetabulum
539,Helvella,H. corium
540,Helvella,H. costifera
541,Helvella,H. crispa
542,Helvella,H. cupuliformis
543,Helvella,H. dryophila
544,Helvella,H. elastica
545,Helvella,H. lacunosa
546,Helvella,H. latispora
547,Helvella,H. macropus
548,Helvella,H. maculata
549,Helvella,H. palustris
550,Helvella,H. pezizoides
551,Helvella,H. silvicola
552,Helvella,H. solitaria
553,Helvella,H. sulcata
554,Helvella,H. vespertina
555,Helvellosebacina,H. concrescens
556,Hemileccinum,H. hortonii
557,Hemileccinum,H. subglabripes
558,Hemileucoglossum,H. alveolatum
559,Hemipholiota,H. populnea
560,Hericium,H. abietis
561,Hericium,H. americanum
562,Hericium,H. coralloides
563,Hericium,H. erinaceus
564,Heterobasidion,H. annosum
565,Hexagonia,H. hydnoides
566,Hohenbuehelia,H. angustata
567,Hohenbuehelia,H. atrocaerulea var. grisea
568,Hohenbuehelia,H. mastrucata
569,Hohenbuehelia,H. petaloides
570,Humaria,H. hemisphaerica
571,Hydnellum,H. aurantiacum
572,Hydnellum,H. caeruleum
573,Hydnellum,H. concrescens
574,Hydnellum,H. spongiosipes
575,Hydnellum,H. suaveolens
576,Hydnum,H. aerostatisporum
577,Hydnum,H. alboaurantiacum
578,Hydnum,H. oregonense
579,Hydnum,H. repandum
580,Hydnum,H. subtilior
581,Hygrocybe,H. acutoconica
582,Hygrocybe,H. aurantiosplendens
583,Hygrocybe,H. caespitosa
584,Hygrocybe,H. cantharellus
585,Hygrocybe,H. coccinea
586,Hygrocybe,H. conica
587,Hygrocybe,H. cuspidata
588,Hygrocybe,H. flavescens
589,Hygrocybe,H. glutinipes
590,Hygrocybe,H. insipida
591,Hygrocybe,H. miniata
592,Hygrocybe,H. punicea
593,Hygrocybe,H. purpureofolia
594,Hygrocybe,H. reidii
595,Hygrocybe,H. singeri
596,Hygrocybe,H. squamulosa
597,Hygrocybe,H. subminiata
598,Hygrophoropsis,H. aurantiaca
599,Hygrophorus,H. agathosmus
600,Hygrophorus,H. capreolarius
601,Hygrophorus,H. chrysodon
602,Hygrophorus,H. discoxanthus
603,Hygrophorus,H. erubescens
604,Hygrophorus,H. occidentalis
605,Hygrophorus,H. olivaceoalbus
606,Hygrophorus,H. paludosus
607,Hygrophorus,H. poetarum
608,Hygrophorus,H. pudorinus
609,Hygrophorus,H. purpurascens
610,Hygrophorus,H. pustulatus
611,Hygrophorus,H. russula
612,Hygrophorus,H. sordidus
613,Hygrophorus,H. speciosus
614,Hymenopellis,H. furfuracea
615,Hymenopellis,H. incognita
616,Hymenopellis,H. megalospora
617,Hymenopellis,H. sinapicolor
618,Hymenoscyphus,H. calyculus
619,Hymenoscyphus,H. fructigenus
620,Hypholoma,H. capnoides
621,Hypholoma,H. fasciculare
622,Hypholoma,H. sublateritium
623,Hypholoma,H. subviride
624,Hypomyces,H. cervinigenus
625,Hypomyces,H. chrysospermus
626,Hypomyces,H. hyalinus
627,Hypomyces,H. lactifluorum
628,Hypomyces,H. lateritius
629,Hypomyces,H. luteovirens
630,Hypomyces,H. microspermus
631,Hypsizygus,H. tessulatus
632,Hypsizygus,H. ulmarius
633,Ileodictyon,I. cibarium
634,Ileodictyon,I. gracile
635,Imleria,I. badia
636,Imleria,I. pallida
637,Infundibulicybe,I. gibba
638,Infundibulicybe,I. squamulosa
639,Inocybe,I. adaequata
640,Inocybe,I. calospora
641,Inocybe,I. fibrosa
642,Inocybe,I. fraudans
643,Inocybe,I. geophylla
644,Inocybe,I. geophylla var. lilacina
645,Inocybe,I. hystrix
646,Inocybe,I. insignis
647,Inocybe,I. lacera
648,Inocybe,I. leptophylla
649,Inocybe,I. rimosa
650,Inocybe,I. unicolor
651,Inonotus,I. arizonicus
652,Inonotus,I. dryadeus
653,Inonotus,I. obliquus
654,Inonotus,I. quercustris
655,Inonotus,I. radiatus
656,Ionomidotis,I. irregularis
657,Irpex,I. lacteus
658,Ischnoderma,I. benzoinum
659,Ischnoderma,I. resinosum
660,Itajahya,I. galericulata
661,Jafnea,J. semitosta
662,Kretzschmaria,K. deusta
663,Kuehneromyces,K. marginellus
664,Kuehneromyces,K. mutabilis
665,Laccaria,L. amethysteo-occidentalis
666,Laccaria,L. amethystina
667,Laccaria,L. bicolor
668,Laccaria,L. fraterna
669,Laccaria,L. laccata
670,Laccaria,L. longipes
671,Laccaria,L. ochropurpurea
672,Laccaria,L. ohiensis
673,Laccaria,L. proxima
674,Laccaria,L. pumila
675,Laccaria,L. trichodermophora
676,Laccaria,L. trullissata
677,Lachnellula,L. subtilissima
678,Lacrymaria,L. echiniceps
679,Lacrymaria,L. velutina
680,Lactarius,L. affinis var. viridilactis
681,Lactarius,L. allardii
682,Lactarius,L. areolatus
683,Lactarius,L. argillaceifolius
684,Lactarius,L. argill. var. megacarpus
685,Lactarius,L. aspideus
686,Lactarius,L. atroviridis
687,Lactarius,L. badiosanguineus
688,Lactarius,L. caespitosus
689,Lactarius,L. camphoratus
690,Lactarius,L. chelidonium v. chelidonioides
691,Lactarius,L. chrysorrheus
692,Lactarius,L. controversus
693,Lactarius,L. corrugis
694,Lactarius,L. croceus
695,Lactarius,L. deceptivus
696,Lactarius,L. deliciosus
697,Lactarius,L. deliciosus var. areolatus
698,Lactarius,L. deliciosus var. deterrimus
699,Lactarius,L. deterrimus
700,Lactarius,L. fumosus
701,Lactarius,L. gerardii
702,Lactarius,L. glaucescens
703,Lactarius,L. glyciosmus
704,Lactarius,L. helvus
705,Lactarius,L. hepaticus
706,Lactarius,L. hygrophoroides
707,Lactarius,L. imperceptus
708,Lactarius,L. indigo
709,Lactarius,L. lignyotus
710,Lactarius,L. lignyotus var. nigroviolascens
711,Lactarius,L. luculentus var. laetus
712,Lactarius,L. luteolus
713,Lactarius,L. maculatipes
714,Lactarius,L. montanus
715,Lactarius,L. mucidus
716,Lactarius,L. olympianus
717,Lactarius,L. paradoxus
718,Lactarius,L. peckii
719,Lactarius,L. piperatus
720,Lactarius,L. porninsis
721,Lactarius,L. proximellus
722,Lactarius,L. psammicola
723,Lactarius,L. pubescens var. betulae
724,Lactarius,L. quietus var. incanus
725,Lactarius,L. repraesentaneus
726,Lactarius,L. resimus
727,Lactarius,L. rubidus
728,Lactarius,L. rubrilacteus
729,Lactarius,L. rubriviridis
730,Lactarius,L. scrobiculatus var. canadensis
731,Lactarius,L. subflammeus
732,Lactarius,L. subpalustris
733,Lactarius,L. subplinthogalus
734,Lactarius,L. subpurpureus
735,Lactarius,L. subserifluus
736,Lactarius,L. substriatus
737,Lactarius,L. subvellereus var. subdistans
738,Lactarius,L. subvernalis var. cokeri
739,Lactarius,L. thyinos
740,Lactarius,L. uvidus
741,Lactarius,L. vinaceorufescens
742,Lactarius,L. volemus
743,Lactarius,L. volemus var. flavus
744,Lactifluus,L. caeruleitinctus
745,Laetiporus,L. cincinnatus
746,Laetiporus,L. gilbertsonii
747,Laetiporus,L. sulphureus
748,Laternea,L. pusilla
749,Laternea,L. triscapa
750,Leccinum,L. albellum
751,Leccinum,L. caespitosum
752,Leccinum,L. holopus
753,Leccinum,L. longicurvipes
754,Leccinum,L. quercophilum
755,Lentaria,L. micheneri
756,Lentinellus,L. micheneri
757,Lentinellus,L. ursinus
758,Lentinus,L. tigrinus
759,Lenzites,L. betulina
760,Leotia,L. lubrica
761,Lepiota,L. aspera
762,Lepiota,L. asperula
763,Lepiota,L. clypeolaria
764,Lepiota,L. cristata
765,Lepiota,L. eriophora
766,Lepiota,L. erminea
767,Lepiota,L. lilacea
768,Lepiota,L. magnispora
769,Lepiota,L. species 01
770,Lepiota,L. xanthophylla
771,Leratiomyces,L. ceres
772,Leratiomyces,L. percevalii
773,Leratiomyces,L. squamosus var. thraustus
774,Leucoagaricus,L. americanus
775,Leucoagaricus,L. barssii
776,Leucoagaricus,L. brunnescens
777,Leucoagaricus,L. caerulescens
778,Leucoagaricus,L. leucothites
779,Leucoagaricus,L. rubrotinctus
780,Leucocoprinus,L. birnbaumii
781,Leucocoprinus,L. cepaestipes
782,Leucocoprinus,L. cretaceus
783,Leucocoprinus,L. flavescens
784,Leucocoprinus,L. fragilissimus
785,Leucocoprinus,L. tricolor
786,Leucocybe,L. candicans
787,Leucopaxillus,L. albissimus
788,Leucopaxillus,L. gentianeus
789,Leucopaxillus,L. laterarius
790,Leucopaxillus,L. tricolor
791,Leucopholiota,L. decorosa
792,Lichenomphalia,L. umbellifera
793,Limacella,L. glioderma
794,Limacella,L. glischra
795,Lycogala,L. epidendrum
796,Lycogala,L. flavofuscum
797,Lycoperdon,L. caudatum
798,Lycoperdon,L. curtisii
799,Lycoperdon,L. marginatum
800,Lycoperdon,L. perlatum
801,Lycoperdon,L. pulcherrimum
802,Lycoperdon,L. pyriforme
803,Lycoperdon,L. subcretaceum
804,Lycoperdon,L. umbrinum
805,Lyophyllum,L. decastes
806,Lyophyllum,L. fumosum
807,Lyophyllum,L. geminum
808,Lysurus,L. corallocephalus
809,Lysurus,L. cruciatus
810,Lysurus,L. gardneri
811,Lysurus,L. mokusin
812,Lysurus,L. periphragmoides
813,Lysurus,L. species 01
814,Macrocybe,M. titans
815,Macrocystidia,M. cucumis
816,Macrolepiota,M. procera
817,Macrotyphula,M. juncea
818,Marasmiellus,M. candidus
819,Marasmius,M. capillaris
820,Marasmius,M. cohaerens
821,Marasmius,M. delectans
822,Marasmius,M. felix
823,Marasmius,M. floridanus
824,Marasmius,M. nigrodiscus
825,Marasmius,M. oreades
826,Marasmius,M. plicatulus
827,Marasmius,M. pulcherripes
828,Marasmius,M. rotula
829,Marasmius,M. siccus
830,Marasmius,M. strictipes
831,Marasmius,M. sullivantii
832,Megacollybia,M. rodmani
833,Melanogaster,M. broomeanus
834,Melanoleuca,M. angelesiana
835,Melanoleuca,M. brevipes
836,Melanoleuca,M. cognata
837,Melanoleuca,M. evenosa
838,Melanoleuca,M. graminicola
839,Melanoleuca,"M. ""melaleuca"""
840,Melanoleuca,M. verrucipes
841,Meripilus,M. sumstinei
842,Microglossum,M. olivaceum
843,Microglossum,M. rufum
844,Microglossum,M. viride
845,Micromphale,M. perforans
846,Microporellus,M. dealbatus
847,Microporellus,M. obovatus
848,Microstoma,M. floccosum
849,Morchella,M. angusticeps
850,Morchella,M. atrotomentosa
851,Morchella,M. brunnea
852,Morchella,M. capitata
853,Morchella,M. crassistipa
854,Morchella,M. cryptica
855,Morchella,M. diminutiva
856,Morchella,M. esculentoides
857,Morchella,M. frustrata
858,Morchella,M. hotsonii
859,Morchella,M. importuna
860,Morchella,M. species mel-8
861,Morchella,M. populiphila
862,Morchella,M. prava
863,Morchella,M. punctipes
864,Morchella,M. rufobrunnea
865,Morchella,M. septentrionalis
866,Morchella,M. septimelata
867,Morchella,M. sextelata
868,Morchella,M. snyderi
869,Morchella,M. tomentosa
870,Morchella,M. virginiana
871,Mutinus,M. bambusinus
872,Mutinus,M. caninus albus
873,Mutinus,M. elegans
874,Mutinus,M. ravenelii
875,Mycenoid,M. algeriensis
876,Mycenoid,M. atkinsoniana
877,Mycenoid,M. corticola
878,Mycenoid,M. epipterygia var. lignicola
879,Mycenoid,M. filopes
880,Mycenoid,M. galericulata
881,Mycenoid,M. haematopus
882,Mycenoid,M. haematopus var. cuspidata
883,Mycenoid,M. inclinata
884,Mycenoid,M. leaiana
885,Mycenoid,M. leptocephala
886,Mycenoid,M. leptophylla
887,Mycenoid,M. luteopallens
888,Mycenoid,M. niveipes
889,Mycenoid,M. pura
890,Mycenoid,M. semivestipes
891,Mycenoid,M. subcaerulea
892,Family,Species
893,Mycenastrum,M. corium
894,Mycetinis,M. opacus
895,Mycetinis,M. scorodonius
896,Mycorrhaphium,M. adustum
897,Neofavolus,N. alveolaris
898,Neohygrocybe,N. ovina
899,Neolentinus,N. lepideus
900,Neolentinus,N. ponderosus
901,Nidularia,N. pulvinata
902,Nigroporus,N. vinosus
903,Oligoporus,O. fragilis
904,Omphalina,O. epichysium
905,Omphalotus,O. illudens
906,Omphalotus,O. olearius
907,Omphalotus,O. olivascens
908,Onnia,O. tomentosa
909,Osteina,O. obducta
910,Otidea,O. leporina
911,Otidea,O. onotica
912,Pachyella,P. clypeata
913,Pachyella,P. punctispora
914,Panaeolus,P. acuminatus
915,Panaeolus,P. foenisecii
916,Panaeolus,P. cf. fontinalis
917,Panaeolus,P. papilionaceus
918,Panaeolus,P. semiovatus
919,Panellus,P. serotinus
920,Panellus,P. stipticus
921,Panus,P. conchatus
922,Panus,P. neostrigosus
923,Paragyrodon,P. sphaerosporus
924,Parasola,P. auricoma
925,Parasola,P. conopilea
926,Parasola,P. plicatilis
927,Paraxerula,P. americana
928,Paxillus,P. involutus
929,Paxillus,P. vernalis
930,Peniophora,P. rufa
931,Perenniporia,P. fraxinophila
932,Perenniporia,P. ohiensis
933,Perenniporia,P. robiniophila
934,Peziza,P. ammophila
935,Peziza,P. arvernensis
936,Peziza,P. badioconfusa
937,Peziza,P. domiciliana
938,Peziza,P. michelii
939,Peziza,P. repanda
940,Peziza,P. succosa
941,Phaeolus,P. schweinitzii
942,Phaeotremella,P. frondosa
943,Phallus,P. aurantiacus
944,Phallus,P. cinnabarinus
945,Phallus,P. duplicatus
946,Phallus,P. hadriani
947,Phallus,P. impudicus
948,Phallus,P. indusiatus
949,Phallus,P. multicolor
950,Phallus,P. ravenelii
951,Phallus,P. rubicundus
952,Phallus,P. rugulosus
953,Phellinus,P. everhartii
954,Phellinus,P. gilvus
955,Phellinus,P. robiniae
956,Phellinus,P. tremulae
957,Mycenastrum,M. corium
958,Mycetinis,M. opacus
959,Mycetinis,M. scorodonius
960,Mycorrhaphium,M. adustum
961,Neofavolus,N. alveolaris
962,Neohygrocybe,N. ovina
963,Neolentinus,N. lepideus
964,Neolentinus,N. ponderosus
965,Nidularia,N. pulvinata
966,Nigroporus,N. vinosus
967,Oligoporus,O. fragilis
968,Omphalina,O. epichysium
969,Omphalotus,O. illudens
970,Omphalotus,O. olearius
971,Omphalotus,O. olivascens
972,Onnia,O. tomentosa
973,Osteina,O. obducta
974,Otidea,O. leporina
975,Otidea,O. onotica
976,Pachyella,P. clypeata
977,Pachyella,P. punctispora
978,Panaeolus,P. acuminatus
979,Panaeolus,P. foenisecii
980,Panaeolus,P. cf. fontinalis
981,Panaeolus,P. papilionaceus
982,Panaeolus,P. semiovatus
983,Panellus,P. serotinus
984,Panellus,P. stipticus
985,Panus,P. conchatus
986,Panus,P. neostrigosus
987,Paragyrodon,P. sphaerosporus
988,Parasola,P. auricoma
989,Parasola,P. conopilea
990,Parasola,P. plicatilis
991,Paraxerula,P. americana
992,Paxillus,P. involutus
993,Paxillus,P. vernalis
994,Peniophora,P. rufa
995,Perenniporia,P. fraxinophila
996,Perenniporia,P. ohiensis
997,Perenniporia,P. robiniophila
998,Peziza,P. ammophila
999,Peziza,P. arvernensis
1000,Peziza,P. badioconfusa
1001,Peziza,P. domiciliana
1002,Peziza,P. michelii
1003,Peziza,P. repanda
1004,Peziza,P. succosa
1005,Phaeolus,P. schweinitzii
1006,Phaeotremella,P. frondosa
1007,Phallus,P. aurantiacus
1008,Phallus,P. cinnabarinus
1009,Phallus,P. duplicatus
1010,Phallus,P. hadriani
1011,Phallus,P. impudicus
1012,Phallus,P. indusiatus
1013,Phallus,P. multicolor
1014,Phallus,P. ravenelii
1015,Phallus,P. rubicundus
1016,Phallus,P. rugulosus
1017,Phellinus,P. everhartii
1018,Phellinus,P. gilvus
1019,Phellinus,P. robiniae
1020,Phellinus,P. tremulae
1021,Phellodon,P. alboniger
1022,Phellodon,P. confluens
1023,Phillipsia,P. domingensis
1024,Phlebia,P. coccineofulva
1025,Phlebia,P. incarnata
1026,Phlebia,P. radiata
1027,Phlebia,P. tremellosa
1028,Phlebiopsis,P. crassa
1029,Pholiota,P. alnicola
1030,Pholiota,P. flammans
1031,Pholiota,P. highlandensis
1032,Pholiota,P. limonella
1033,Pholiota,P. polychroa
1034,Pholiota,P. squarrosa
1035,Pholiota,P. squarrosoides
1036,Pholiota,P. terrestris
1037,Pholiota,P. velaglutinosa
1038,Pholiotina,P. rugosa
1039,Phylloporus,P. arenicola
1040,Phylloporus,P. rhodoxanthus
1041,Phyllotopsis,P. nidulans
1042,Piptoporus,P. betulinus
1043,Piptoporus,P. quercinus
1044,Pisolithus,P. arenarius
1045,Pisolithus,P. arhizus
1046,Pleurotus,P. citrinopileatus
1047,Pleurotus,P. dryinus
1048,Pleurotus,P. ostreatus
1049,Pleurotus,P. populinus
1050,Pleurotus,P. pulmonarius
1051,Pluteus,P. americanus
1052,Pluteus,P. atromarginatus
1053,Pluteus,P. aurantiorugosus
1054,Pluteus,P. cervinus
1055,Pluteus,P. chrysophlebius
1056,Pluteus,P. deceptivus
1057,Pluteus,P. granularis
1058,Pluteus,P. leoninus
1059,Pluteus,P. leucoborealis
1060,Pluteus,P. longistriatus
1061,Pluteus,P. mammillatus
1062,Pluteus,P. petasatus
1063,Pluteus,P. romellii
1064,Pluteus,P. thomsonii
1065,Pluteus,P. tomentosulus
1066,Podaxis,P. longii
1067,Podaxis,P. pistillaris
1068,Podoscypha,P. aculeata
1069,Pogonoloma,P. spinulosum
1070,Polyozellus,P. multiplex
1071,Polyporus,P. arcularius
1072,Polyporus,P. badius
1073,Polyporus,P. brumalis
1074,Polyporus,P. radicatus
1075,Polyporus,P. squamosus
1076,Polyporus,P. umbellatus
1077,Polyporus,P. varius
1078,Porodaedalea,P. pini
1079,Poronidulus,P. conchifer
1080,Psathyrella,P. bipellis
1081,Psathyrella,P. candolleana
1082,Psathyrella,P. cystidiosa
1083,Psathyrella,P. delineata
1084,Psathyrella,P. incerta
1085,Psathyrella,P. piluliformis
1086,Psathyrella,P. pseudovernalis
1087,Psathyrella,P. spadiceogrisea
1088,Pseudoboletus,P. parasiticus
1089,Pseudoclitocybe,P. cyathiformis
1090,Pseudocolus,P. fusiformis
1091,Pseudofistulina,P. radicata
1092,Pseudohydnum,P. gelatinosum
1093,Pseudoomphalina,P. compressipes
1094,Psilocybe,P. strictipes
1095,Pulveroboletus,P. ravenelii
1096,Pycnoporellus,alboluteus
1097,Pycnoporellus,fulgens
1098,Pycnoporus,cinnabarinus
1099,Pyrofomes,juniperinus
1100,Radulomyces,copelandii
1101,Ramaria,araiospora
1102,Ramaria,botrytis
1103,Ramaria,fennica
1104,Ramaria,formosa
1105,Ramaria,stricta
1106,Ramariopsis,kunzei
1107,Resupinatus,alboniger
1108,Retiboletus,fuscus
1109,Retiboletus,griseus
1110,Retiboletus,ornatipes
1111,Rhizocybe,species 01
1112,Rhizomarasmius,pyrrhocephalus
1113,Rhodocollybia,butyracea
1114,Rhodocollybia,maculata
1115,Rhodocollybia,maculata var. scorzonerea
1116,Rhodofomes,cajanderi
1117,Rhodofomes,roseus
1118,Rhodotus,palmatus
1119,Rhytisma,americanum
1120,Rickenella,fibula
1121,Ripartitella,brasiliensis
1122,Rubroboletus,dupainii
1123,Russula,aeruginea
1124,Russula,amoenolens
1125,Russula,ballouii
1126,Russula,brevipes
1127,Russula,cessans
1128,Russula,cinereovinosa
1129,Russula,claroflava
1130,Russula,compacta
1131,Russula,crassotunicata
1132,Russula,cremoricolor
1133,Russula,crustosa
1134,Russula,cyanoxantha
1135,Russula,cystidiosa
1136,Russula,decolorans
1137,Russula,densifolia
1138,Russula,dissimulans
1139,Russula,earlei
1140,Russula,eccentrica
1141,Russula,flavida
1142,Russula,flavisiccans
1143,Russula,foetentula
1144,Russula,fragrantissima
1145,Russula,gracilis
1146,Russula,laurocerasi
1147,Russula,mariae
1148,Russula,mutabilis
1149,Russula,ochroleucoides
1150,Russula,parvovirescens
1151,Russula,pectinatoides
1152,Russula,puellaris
1153,Russula,pulchra
1154,Russula,pulverulenta
1155,Russula,queletii
1156,Russula,rubescens
1157,Russula,sanguinea
1158,Russula,sericeonitens
1159,Russula,sororia
1160,Russula,tenuiceps
1161,Russula,uncialis
1162,Russula,variata
1163,Russula,ventricosipes
1164,Russula,vinacea
1165,Russula,virescens
1166,Russula,xerampelina
1167,Sarcodon,imbricatus
1168,Sarcodon,scabrosus
1169,Sarcoscypha,austriaca
1170,Sarcoscypha,coccinea
1171,Sarcoscypha,dudleyi
1172,Sarcoscypha,occidentalis
1173,Sarcosphaera,coronaria
1174,Schizophyllum,commune
1175,Scleroderma,areolatum
1176,Scleroderma,bovista
1177,Scleroderma,citrinum
1178,Scleroderma,hypogaeum
1179,Scleroderma,meridionale
1180,Scleroderma,michiganense
1181,Scleroderma,polyrhizum
1182,Scleroderma,septentrionale
1183,Scutellinia,scutellata
1184,Scutellinia,setosa
1185,Sebacina,S. incrustans
1186,Sebacina,S. epigaea
1187,Simocybe,S. centunculus
1188,Sowerbyella,S. rhenana
1189,Sparassis,S. americana
1190,Sparassis,S. radicata
1191,Sparassis,S. spathulata
1192,Sparassis,S. spathulata f. herbstii
1193,Spathularia,S. flavida
1194,Spathularia,S. flavida var. ramosa
1195,Spathulariopsis,S. velutipes
1196,Sphaerosporella,S. brunnea
1197,Spongipellis,S. pachyodon
1198,Spongipellis,S. unicolor
1199,Staheliomyces,S. cinctus
1200,Steccherinum,S. ochraceum
1201,Stemonitis,Stemonitis spp.
1202,Stereum,S. complicatum
1203,Stereum,S. gausapatum
1204,Stereum,S. hirsutum
1205,Stereum,S. ostrea
1206,Strobilomyces,S. confusus
1207,Strobilomyces,S. floccopus
1208,Strobilomyces,"S. species 01: ""dryophilus"""
1209,Strobilurus,S. lignitilis
1210,Stropharioid Mushrooms,S. aeruginosa
1211,Stropharioid Mushrooms,S. ambigua
1212,Stropharioid Mushrooms,S. caerulea
1213,Stropharioid Mushrooms,S. coronilla
1214,Stropharioid Mushrooms,S. hardii
1215,Stropharioid Mushrooms,S. hornemannii
1216,Stropharioid Mushrooms,S. kauffmanii
1217,Stropharioid Mushrooms,S. melanosperma
1218,Stropharioid Mushrooms,S. rugosoannulata
1219,Stropharioid Mushrooms,S. rugosoannulata
1220,Suillus,S. acidus
1221,Suillus,S. americanus
1222,Suillus,S. americanus pseudosibiricus
1223,Suillus,S. ampliporus
1224,Suillus,S. bresadolae
1225,Suillus,S. brevipes
1226,Suillus,S. caerulescens
1227,Suillus,S. cavipes
1228,Suillus,S. clintonianus
1229,Suillus,S. cothurnatus
1230,Suillus,S. decipiens
1231,Suillus,S. granulatus
1232,Suillus,S. grevillei
1233,Suillus,S. hirtellus
1234,Suillus,S. kaibabensis
1235,Suillus,S. lakei
1236,Suillus,S. luteus
1237,Suillus,S. placidus
1238,Suillus,S. pseudobrevipes
1239,Suillus,S. punctipes
1240,Suillus,S. pungens
1241,Suillus,S. salmonicolor
1242,Suillus,S. spectabilis
1243,Suillus,S. spraguei
1244,Suillus,S. subalutaceus
1245,Suillus,S. subaureus
1246,Suillus,S. tomentosus
1247,Suillus,S. tridentinus
1248,Suillus,S. wasatchicus
1249,Suillus,S. weaverae
1250,Syzygites,S. megalocarpus
1251,Syzygospora,S. mycetophila
1252,Tapinella,T. atrotomentosa
1253,Tapinella,T. panuoides
1254,Tarzetta,T. bronca
1255,Tarzetta,T. cupularis
1256,Tetrapyrgos,T. nigripes
1257,Thelephora,T. americana
1258,Thelephora,T. anthocephala
1259,Thelephora,T. cuticularis
1260,Thelephora,T. multipartita
1261,Thelephora,T. palmata
1262,Thelephora,T. terrestris
1263,Thelephora,T. vialis
1264,Thelephora,T. americana
1265,Thelephora,T. anthocephala
1266,Thelephora,T. cuticularis
1267,Thelephora,T. multipartita
1268,Thelephora,T. palmata
1269,Thelephora,T. terrestris
1270,Thelephora,T. vialis
1271,Trametes,T. gibbosa
1272,Trametes,T. hirsuta
1273,Trametes,T. pubescens
1274,Trametes,T. species 01
1275,Trametes,T. versicolor
1276,Trametes,T. villosa
1277,Tremella,T. fuciformis
1278,Tremella,T. mesenterica
1279,Tremella,T. reticulata
1280,Tremellodendron,T. schweinitzii
1281,Tremellodendropsis,T. tuberosa
1282,Trichaptum,T. abietinum
1283,Trichaptum,T. biforme
1284,Trichaptum,T. sector
1285,Trichoderma,T. peltatum
1286,Trichoglossum,T. farlowii
1287,Tricholoma,T. argyraceum
1288,Tricholoma,T. arvernense
1289,Tricholoma,T. aurantium
1290,Tricholoma,"T. ""caligatum"""
1291,Tricholoma,T. equestre
1292,Tricholoma,T. focale
1293,Tricholoma,T. fracticum
1294,Tricholoma,T. imbricatum
1295,Tricholoma,T. magnivelare
1296,Tricholoma,T. muricatum
1297,Tricholoma,T. murrillianum
1298,Tricholoma,T. odorum
1299,Tricholoma,T. pardinum
1300,Tricholoma,T. rapipes
1301,Tricholoma,T. saponaceum
1302,Tricholoma,T. sejunctum
1303,Tricholoma,T. smithii
1304,Tricholoma,T. species 01
1305,Tricholoma,T. species 02
1306,Tricholoma,T. species 03
1307,Tricholoma,T. species 04
1308,Tricholoma,T. squarrulosum
1309,Tricholoma,T. subaureum
1310,Tricholoma,T. subluteum
1311,Tricholoma,T. subresplendens
1312,Tricholoma,T. terreum
1313,Tricholoma,T. vaccinum
1314,Tricholoma,T. venenatum
1315,Tricholoma,T. virgatum
1316,Tricholomopsis,T. decora
1317,Tricholomopsis,T. rutilans
1318,Tricholomopsis,T. sulphureoides
1319,Tubaria,T. dispersa
1320,Tubaria,T. furfuracea
1321,Tubaria,T. praestans
1322,Tuber,T. lyonii
1323,Tulostoma,T. lloydii
1324,Tulostoma,T. poculatum
1325,Turbinellus,T. floccosus
1326,Turbinellus,T. kauffmanii
1327,Tylopilus,T. alboater
1328,Tylopilus,T. badiceps
1329,Tylopilus,T. balloui
1330,Tylopilus,T. felleus
1331,Tylopilus,T. ferrugineus
1332,Tylopilus,T. indecisus
1333,Tylopilus,T. plumbeoviolaceus
1334,Tylopilus,T. rhoadsiae
1335,Tylopilus,T. rubrobrunneus
1336,Tylopilus,T. sordidus
1337,Tylopilus,T. variobrunneus
1338,Tyromyces,T. chioneus
1339,Tyromyces,T. fumidiceps
1340,Urnula,U. craterium
1341,Urnula,U. padeniana
1342,Uromyces,U. ari-triphylli
1343,Verpa,V. bohemica
1344,Verpa,V. conica
1345,Volvariella,V. bombycina
1346,Volvariella,V. hypopithys
1347,Volvariella,V. nigrodisca
1348,Volvariella,V. pusilla
1349,Volvariella,V. taylorii
1350,Volvariella,V. volvacea
1351,Volvopluteus,V. gloiocephalus
1352,Wolfina,W. aurantiopsis
1353,Xanthoconium,X. affine
1354,Xanthoconium,X. purpureum
1355,Xerocomellus,X. chrysenteron
1356,Xerocomellus,X. rubellus
1357,Xerocomus,X. ferrugineus
1358,Xerocomus,X. illudens
1359,Xerocomus,X. subtomentosus
1360,Xerocomus,X. tenax
1361,Xeromphalina,X. campanella
1362,Xeromphalina,X. cauticinalis
1363,Xeromphalina,X. kauffmanii
1364,Xeromphalina,X. tenuipes
1365,Xylaria,X. cornu-damae
1366,Xylaria,X. cubensis
1367,Xylaria,X. hypoxylon
1368,Xylaria,X. liquidambar
1369,Xylaria,X. longiana
1370,Xylaria,X. longipes
1371,Xylaria,X. magnoliae
1372,Xylaria,X. polymorpha
1373,Xylobolus,X. frustulatus
1374,Zelleromyces,Z. cinnabarinus